{"cameraMode":{"drawMode":0,"name":"Shaded","section":"Shading Mode"},"sceneLighting":false,"audioPlay":false,"sceneViewState":{"m_AlwaysRefresh":false,"showFog":true,"showSkybox":false,"showFlares":true,"showImageEffects":true,"showParticleSystems":true,"showVisualEffectGraphs":true,"m_FxEnabled":true},"in2DMode":false,"pivot":{"x":-0.7366921901702881,"y":-0.27405738830566409,"z":12.538167953491211},"rotation":{"x":0.37535950541496279,"y":0.5363633632659912,"z":-0.28912246227264407,"w":0.6978967189788818},"size":0.8660253882408142,"orthographic":false}