{"cameraMode":{"drawMode":0,"name":"Shaded","section":"Shading Mode"},"sceneLighting":true,"audioPlay":false,"sceneViewState":{"m_AlwaysRefresh":false,"showFog":true,"showSkybox":true,"showFlares":true,"showImageEffects":true,"showParticleSystems":true,"showVisualEffectGraphs":true,"m_FxEnabled":true},"in2DMode":false,"pivot":{"x":-2.0145623683929445,"y":2.420163869857788,"z":-2.156676769256592},"rotation":{"x":-0.30552443861961367,"y":0.03911537677049637,"z":-0.01253956276923418,"w":-0.9511366486549377},"size":2.5124714374542238,"orthographic":false}