{"cameraMode":{"drawMode":0,"name":"Shaded","section":"Shading Mode"},"sceneLighting":true,"audioPlay":false,"sceneViewState":{"m_AlwaysRefresh":false,"showFog":true,"showSkybox":true,"showFlares":true,"showImageEffects":true,"showParticleSystems":true,"showVisualEffectGraphs":true,"m_FxEnabled":true},"in2DMode":false,"pivot":{"x":4.969676971435547,"y":22.86379623413086,"z":-18.13528823852539},"rotation":{"x":0.37476834654808047,"y":-0.0071405647322535519,"z":0.0023259087465703489,"w":0.9266802072525024},"size":0.3003365099430084,"orthographic":false}