{"cameraMode":{"drawMode":0,"name":"Shaded","section":"Shading Mode"},"sceneLighting":true,"audioPlay":false,"sceneViewState":{"m_AlwaysRefresh":false,"showFog":true,"showSkybox":true,"showFlares":true,"showImageEffects":true,"showParticleSystems":true,"showVisualEffectGraphs":true,"m_FxEnabled":true},"in2DMode":false,"pivot":{"x":-0.4932141900062561,"y":0.6756611466407776,"z":-5.986649513244629},"rotation":{"x":0.0101473992690444,"y":-0.7829291224479675,"z":0.011481433175504208,"w":0.6212859153747559},"size":2.4693925380706789,"orthographic":false}