{"cameraMode":{"drawMode":0,"name":"Shaded","section":"Shading Mode"},"sceneLighting":true,"audioPlay":false,"sceneViewState":{"m_AlwaysRefresh":false,"showFog":true,"showSkybox":true,"showFlares":true,"showImageEffects":true,"showParticleSystems":true,"showVisualEffectGraphs":true,"m_FxEnabled":true},"in2DMode":false,"pivot":{"x":-15.596488952636719,"y":-3.188260316848755,"z":-11.024070739746094},"rotation":{"x":0.09908612817525864,"y":-0.7722846269607544,"z":0.12382037192583084,"w":0.6146553158760071},"size":13.704489707946778,"orthographic":false}