{"cameraMode":{"drawMode":0,"name":"Shaded","section":"Shading Mode"},"sceneLighting":true,"audioPlay":false,"sceneViewState":{"m_AlwaysRefresh":false,"showFog":true,"showSkybox":true,"showFlares":true,"showImageEffects":true,"showParticleSystems":true,"showVisualEffectGraphs":true,"m_FxEnabled":true},"in2DMode":false,"pivot":{"x":2.2000067234039308,"y":1.8712739944458008,"z":7.792932510375977},"rotation":{"x":0.25817105174064639,"y":0.021654440090060235,"z":-0.006097777280956507,"w":0.9654327034950256},"size":12.239907264709473,"orthographic":false}