{"cameraMode":{"drawMode":0,"name":"Shaded","section":"Shading Mode"},"sceneLighting":false,"audioPlay":false,"sceneViewState":{"m_AlwaysRefresh":false,"showFog":true,"showSkybox":false,"showFlares":true,"showImageEffects":true,"showParticleSystems":true,"showVisualEffectGraphs":true,"m_FxEnabled":true},"in2DMode":false,"pivot":{"x":-13.818792343139649,"y":-0.46955958008766177,"z":0.03972471132874489},"rotation":{"x":0.16918790340423585,"y":-0.7527876496315002,"z":0.21202312409877778,"w":0.599107563495636},"size":14.480696678161621,"orthographic":false}